vehicle_id,speed,time_from_spawn,color,type
192,0.0,1766.0,-1#-1#0#-1,car
590,0.0,1368.0,-1#-1#0#-1,car
591,0.0,1367.0,-1#-1#0#-1,car
472,0.0,1486.0,-1#-1#0#-1,car
353,0.0,1605.0,-1#-1#0#-1,car
474,0.0,1484.0,-1#-1#0#-1,car
595,0.0,1363.0,-1#-1#0#-1,car
354,0.0,1604.0,-1#-1#0#-1,car
475,0.0,1483.0,-1#-1#0#-1,car
596,0.0,1362.0,-1#-1#0#-1,car
597,0.0,1361.0,-1#-1#0#-1,car
630,7.117509881619753,1328.0,-1#-1#0#-1,car
356,0.0,1602.0,-1#-1#0#-1,car
510,0.0,1448.0,-1#-1#0#-1,car
598,0.0,1360.0,-1#-1#0#-1,car
631,0.0,1327.0,-1#-1#0#-1,car
632,0.0,1326.0,-1#-1#0#-1,car
634,0.0,1324.0,-1#-1#0#-1,car
118,0.0,1840.0,-1#-1#0#-1,car
635,0.0,1323.0,-1#-1#0#-1,car
517,1.5738596274475264E-4,1441.0,-1#-1#0#-1,car
360,0.0,1598.0,-1#-1#0#-1,car
362,0.0,1596.0,-1#-1#0#-1,car
484,0.0,1474.0,-1#-1#0#-1,car
486,0.0,1413.5,-1#-1#0#-1,car
640,0.0,1318.0,-1#-1#0#-1,car
245,0.0,1713.0,-1#-1#0#-1,car
487,0.0,1471.0,-1#-1#0#-1,car
520,0.0,1432.5,-1#-1#0#-1,car
400,0.0,1558.0,-1#-1#0#-1,car
643,0.0,1260.5,-1#-1#0#-1,car
248,0.0,1710.0,-1#-1#0#-1,car
402,0.0,1556.0,-1#-1#0#-1,car
523,10.49321818601484,1435.0,-1#-1#0#-1,car
644,7.588941550983182E-4,1314.0,-1#-1#0#-1,car
524,0.0,1434.0,-1#-1#0#-1,car
525,0.0,1433.0,-1#-1#0#-1,car
646,0.0,1312.0,-1#-1#0#-1,car
647,0.0,1311.0,-1#-1#0#-1,car
527,0.0,1431.0,-1#-1#0#-1,car
648,0.0,1310.0,-1#-1#0#-1,car
407,0.0,1551.0,-1#-1#0#-1,car
370,0.0,1588.0,-1#-1#0#-1,car
491,0.0,1467.0,-1#-1#0#-1,car
373,0.0,1585.0,-1#-1#0#-1,car
494,1.3,1444.0,-1#-1#0#-1,car
375,0.0,1583.0,-1#-1#0#-1,car
650,0.0,1308.0,-1#-1#0#-1,car
255,0.0,1703.0,-1#-1#0#-1,car
497,0.0,1461.0,-1#-1#0#-1,car
499,0.006874525751760321,1459.0,-1#-1#0#-1,car
534,0.0,1424.0,-1#-1#0#-1,car
536,0.0,1422.0,-1#-1#0#-1,car
416,0.0,1542.0,-1#-1#0#-1,car
418,0.0,1540.0,-1#-1#0#-1,car
381,0.0,1577.0,-1#-1#0#-1,car
382,0.0,1514.5,-1#-1#0#-1,car
263,0.0,1695.0,-1#-1#0#-1,car
265,1.317497926128431,1693.0,-1#-1#0#-1,car
266,0.0,1692.0,-1#-1#0#-1,car
387,0.0,1571.0,-1#-1#0#-1,car
420,0.0026789871988475216,1538.0,-1#-1#0#-1,car
542,0.0,1416.0,-1#-1#0#-1,car
268,0.0,1690.0,-1#-1#0#-1,car
543,0.9033495394900508,1415.0,-1#-1#0#-1,car
423,0.0,1535.0,-1#-1#0#-1,car
544,0.0,1414.0,-1#-1#0#-1,car
547,0.0,1411.0,-1#-1#0#-1,car
548,0.0,1410.0,-1#-1#0#-1,car
390,0.0,1568.0,-1#-1#0#-1,car
392,0.0,1566.0,-1#-1#0#-1,car
272,0.0,1685.5,-1#-1#0#-1,car
393,0.0,1565.0,-1#-1#0#-1,car
276,0.0,1682.0,-1#-1#0#-1,car
430,0.0,1528.0,-1#-1#0#-1,car
277,10.038598219377665,1678.0,-1#-1#0#-1,car
431,0.006047612668373287,1094.0,-1#-1#0#-1,car
552,0.0,1402.5,-1#-1#0#-1,car
554,0.0,1404.0,-1#-1#0#-1,car
159,0.0,1799.0,-1#-1#0#-1,car
555,0.0,1368.5,-1#-1#0#-1,car
314,0.0,1644.0,-1#-1#0#-1,car
556,0.0,1402.0,-1#-1#0#-1,car
436,0.0,1522.0,-1#-1#0#-1,car
557,0.0,1401.0,-1#-1#0#-1,car
316,0.0,1642.0,-1#-1#0#-1,car
318,0.44872611536396056,1640.0,-1#-1#0#-1,car
560,0.0,1398.0,-1#-1#0#-1,car
561,0.0,1397.0,-1#-1#0#-1,car
563,1.506437272349252,1395.0,-1#-1#0#-1,car
201,0.0,1756.5,-1#-1#0#-1,car
565,0.0,1393.0,-1#-1#0#-1,car
566,0.0,1392.0,-1#-1#0#-1,car
204,0.0,1754.0,-1#-1#0#-1,car
600,0.0,1358.0,-1#-1#0#-1,car
326,0.0,1632.0,-1#-1#0#-1,car
447,0.0,1511.0,-1#-1#0#-1,car
206,0.0,1752.0,-1#-1#0#-1,car
327,0.0,1631.0,-1#-1#0#-1,car
569,0.0,1389.0,-1#-1#0#-1,car
602,0.0,1356.0,-1#-1#0#-1,car
603,0.0,1355.0,-1#-1#0#-1,car
604,7.012307147513468,1325.5,-1#-1#0#-1,car
209,0.0,1749.0,-1#-1#0#-1,car
605,0.0,1353.0,-1#-1#0#-1,car
606,0.0,1352.0,-1#-1#0#-1,car
607,7.672225912748206,1351.0,-1#-1#0#-1,car
608,12.774000579620788,1350.0,-1#-1#0#-1,car
609,0.0,1346.5,-1#-1#0#-1,car
294,0.0,1664.0,-1#-1#0#-1,car
295,0.0,1663.0,-1#-1#0#-1,car
570,0.0,1388.0,-1#-1#0#-1,car
571,0.0,1386.5,-1#-1#0#-1,car
297,0.0,1661.0,-1#-1#0#-1,car
330,1.2605520089231884E-4,1628.0,-1#-1#0#-1,car
451,0.0,1507.0,-1#-1#0#-1,car
573,0.0,1385.0,-1#-1#0#-1,car
453,0.0,1505.0,-1#-1#0#-1,car
334,0.0,1624.0,-1#-1#0#-1,car
456,0.0,1502.0,-1#-1#0#-1,car
577,0.0,1380.5,-1#-1#0#-1,car
336,0.0,1622.0,-1#-1#0#-1,car
457,0.0,1501.0,-1#-1#0#-1,car
611,0.0,1347.0,-1#-1#0#-1,car
458,10.593705597436376,1500.0,-1#-1#0#-1,car
612,0.0,1317.0,-1#-1#0#-1,car
459,0.0,1499.0,-1#-1#0#-1,car
614,9.478510783056654,1344.0,-1#-1#0#-1,car
615,0.0,1343.0,-1#-1#0#-1,car
618,0.0,1339.5,-1#-1#0#-1,car
580,0.0,1378.0,-1#-1#0#-1,car
340,0.0,1618.0,-1#-1#0#-1,car
582,1.1429057114797121E-4,1376.0,-1#-1#0#-1,car
583,5.395450269823196,1375.0,-1#-1#0#-1,car
584,0.0,1374.0,-1#-1#0#-1,car
464,5.598318648461973,1494.0,-1#-1#0#-1,car
465,0.0,1493.0,-1#-1#0#-1,car
586,0.0,1372.0,-1#-1#0#-1,car
587,11.163162725945421,1371.0,-1#-1#0#-1,car
225,0.0,1733.0,-1#-1#0#-1,car
346,0.0,1612.0,-1#-1#0#-1,car
467,3.7662002716161678,1491.0,-1#-1#0#-1,car
621,0.0,1337.0,-1#-1#0#-1,car
501,0.0,1457.0,-1#-1#0#-1,car
622,0.0,1336.0,-1#-1#0#-1,car
228,0.0,1730.0,-1#-1#0#-1,car
624,0.0,1334.0,-1#-1#0#-1,car
108,0.0,1850.0,-1#-1#0#-1,car
507,0.0,1451.0,-1#-1#0#-1,car
628,0.0,1318.5,-1#-1#0#-1,car
508,0.0,1450.0,-1#-1#0#-1,car
509,0.0,1449.0,-1#-1#0#-1,car
